id	window	forward_repeat_number	reverse_repeat_number	telomeric_repeat
chr1	10000	340	3	TTAGGG
chr1	20000	220	3	TTAGGG
chr1	30000	0	0	TTAGGG
chr1	40000	0	0	TTAGGG
chr1	50000	0	0	TTAGGG
chr1	60000	0	0	TTAGGG
chr1	70000	0	0	TTAGGG
chr1	80000	0	0	TTAGGG
chr1	90000	0	0	TTAGGG
chr1	100000	0	0	TTAGGG
chr1	110000	0	0	TTAGGG
chr1	120000	0	0	TTAGGG
chr1	130000	0	0	TTAGGG
chr1	140000	0	0	TTAGGG
chr1	150000	0	0	TTAGGG
chr1	160000	0	0	TTAGGG
chr1	170000	0	0	TTAGGG
chr1	180000	0	0	TTAGGG
chr1	190000	0	0	TTAGGG
chr1	200000	0	0	TTAGGG
chr1	210000	0	0	TTAGGG
chr1	220000	0	0	TTAGGG
chr1	230000	0	0	TTAGGG
chr1	240000	0	0	TTAGGG
chr1	250000	0	0	TTAGGG
chr1	260000	0	0	TTAGGG
chr1	270000	0	0	TTAGGG
chr1	280000	0	0	TTAGGG
chr1	290000	0	0	TTAGGG
chr1	300000	0	0	TTAGGG
chr1	310000	0	0	TTAGGG
chr1	320000	0	0	TTAGGG
chr1	330000	0	0	TTAGGG
chr1	340000	0	0	TTAGGG
chr1	350000	0	0	TTAGGG
chr1	360000	0	0	TTAGGG
chr1	370000	0	0	TTAGGG
chr1	380000	0	0	TTAGGG
chr1	390000	0	0	TTAGGG
chr1	400000	0	0	TTAGGG
chr1	410000	0	0	TTAGGG
chr1	420000	0	0	TTAGGG
chr1	430000	0	0	TTAGGG
chr1	440000	0	0	TTAGGG
chr1	450000	0	0	TTAGGG
chr1	460000	0	0	TTAGGG
chr1	470000	0	0	TTAGGG
chr1	480000	0	0	TTAGGG
chr1	490000	0	0	TTAGGG
chr1	500000	0	0	TTAGGG
chr1	510000	0	0	TTAGGG
chr1	520000	0	0	TTAGGG
chr1	530000	0	0	TTAGGG
chr1	540000	0	0	TTAGGG
chr1	550000	0	0	TTAGGG
chr1	560000	0	0	TTAGGG
chr1	570000	0	0	TTAGGG
chr1	580000	0	0	TTAGGG
chr1	590000	3	220	TTAGGG
chr1	600000	3	340	TTAGGG
chr2	10000	340	3	TTAGGG
chr2	20000	220	3	TTAGGG
chr2	30000	0	0	TTAGGG
chr2	40000	0	0	TTAGGG
chr2	50000	0	0	TTAGGG
chr2	60000	0	0	TTAGGG
chr2	70000	0	0	TTAGGG
chr2	80000	0	0	TTAGGG
chr2	90000	0	0	TTAGGG
chr2	100000	0	0	TTAGGG
chr2	110000	0	0	TTAGGG
chr2	120000	0	0	TTAGGG
chr2	130000	0	0	TTAGGG
chr2	140000	0	0	TTAGGG
chr2	150000	0	0	TTAGGG
chr2	160000	0	0	TTAGGG
chr2	170000	0	0	TTAGGG
chr2	180000	0	0	TTAGGG
chr2	190000	0	0	TTAGGG
chr2	200000	0	0	TTAGGG
chr2	210000	180	170	TTAGGG
chr2	220000	180	170	TTAGGG
chr2	230000	180	170	TTAGGG
chr2	240000	0	0	TTAGGG
chr2	250000	0	0	TTAGGG
chr2	260000	0	0	TTAGGG
chr2	270000	0	0	TTAGGG
chr2	280000	0	0	TTAGGG
chr2	290000	0	0	TTAGGG
chr2	300000	0	0	TTAGGG
chr2	310000	0	0	TTAGGG
chr2	320000	0	0	TTAGGG
chr2	330000	0	0	TTAGGG
chr2	340000	0	0	TTAGGG
chr2	350000	0	0	TTAGGG
chr2	360000	0	0	TTAGGG
chr2	370000	0	0	TTAGGG
chr2	380000	0	0	TTAGGG
chr2	390000	0	0	TTAGGG
chr2	400000	0	0	TTAGGG
chr2	410000	0	0	TTAGGG
chr2	420000	0	0	TTAGGG
chr2	430000	0	0	TTAGGG
chr2	440000	3	220	TTAGGG
chr2	450000	3	340	TTAGGG
chr10	10000	340	3	TTAGGG
chr10	20000	220	3	TTAGGG
chr10	30000	0	0	TTAGGG
chr10	40000	0	0	TTAGGG
chr10	50000	0	0	TTAGGG
chr10	60000	0	0	TTAGGG
chr10	70000	0	0	TTAGGG
chr10	80000	0	0	TTAGGG
chr10	90000	0	0	TTAGGG
chr10	100000	0	0	TTAGGG
chr10	110000	0	0	TTAGGG
chr10	120000	0	0	TTAGGG
chr10	130000	0	0	TTAGGG
chr10	140000	0	0	TTAGGG
chr10	150000	0	0	TTAGGG
chr10	160000	0	0	TTAGGG
chr10	170000	0	0	TTAGGG
chr10	180000	0	0	TTAGGG
chr10	190000	0	0	TTAGGG
chr10	200000	0	0	TTAGGG
chr10	210000	0	0	TTAGGG
chr10	220000	0	0	TTAGGG
chr10	230000	0	0	TTAGGG
chr10	240000	0	0	TTAGGG
chr10	250000	0	0	TTAGGG
chr10	260000	0	0	TTAGGG
chr10	270000	0	0	TTAGGG
chr10	280000	0	0	TTAGGG
chr10	290000	0	0	TTAGGG
chr10	300000	0	0	TTAGGG
chr10	310000	0	0	TTAGGG
chr10	320000	0	0	TTAGGG
chr10	330000	0	0	TTAGGG
chr10	340000	0	0	TTAGGG
chr10	350000	0	0	TTAGGG
chr10	360000	0	0	TTAGGG
chr10	370000	0	0	TTAGGG
chr10	380000	0	0	TTAGGG
chr10	390000	0	0	TTAGGG
chr10	400000	0	0	TTAGGG
chr10	410000	0	0	TTAGGG
chr10	420000	0	0	TTAGGG
chr10	430000	0	0	TTAGGG
chr10	440000	0	0	TTAGGG
chr10	450000	0	0	TTAGGG
chr10	460000	0	0	TTAGGG
chr10	470000	0	0	TTAGGG
chr10	480000	0	0	TTAGGG
chr10	490000	0	0	TTAGGG
chr10	500000	0	0	TTAGGG
chr10	510000	0	0	TTAGGG
chr10	520000	0	0	TTAGGG
chr10	530000	0	0	TTAGGG
chr10	540000	0	0	TTAGGG
chr10	550000	0	0	TTAGGG
chr10	560000	0	0	TTAGGG
chr10	570000	0	0	TTAGGG
chr10	580000	0	0	TTAGGG
chr10	590000	0	0	TTAGGG
chr10	600000	0	0	TTAGGG
chr10	610000	0	0	TTAGGG
chr10	620000	0	0	TTAGGG
chr10	630000	0	0	TTAGGG
chr10	640000	0	0	TTAGGG
chr10	650000	0	0	TTAGGG
chr10	660000	0	0	TTAGGG
chr10	670000	0	0	TTAGGG
chr10	680000	0	0	TTAGGG
chr10	690000	0	0	TTAGGG
chr10	700000	0	0	TTAGGG
chr10	710000	0	0	TTAGGG
chr10	720000	0	0	TTAGGG
chr10	730000	0	0	TTAGGG
chr10	740000	0	0	TTAGGG
chr10	750000	0	0	TTAGGG
chr10	760000	0	0	TTAGGG
chr10	770000	0	0	TTAGGG
chr10	780000	0	0	TTAGGG
chr10	790000	3	220	TTAGGG
chr10	800000	3	340	TTAGGG
